,,90%,90%,95%,95%,99%,99%,predict
1,601,-19232.31785,19717.83269,-22961.58759,23447.10242,-30242.54278,30728.05761,242.7574166
2,602,-4740.755146,5381.529232,-5709.910033,6350.684119,-7602.069574,8242.843661,320.3870431
3,603,-4715.878314,5388.025295,-5683.273341,6355.420322,-7571.996964,8244.143945,336.0734906
4,604,-4728.731134,5354.3936,-5694.136693,6319.799159,-7578.976119,8204.638585,312.8312331
5,605,-4735.766099,5323.674224,-5698.904003,6286.812128,-7579.3161,8167.224225,293.9540626
6,606,-4771.095121,5261.095622,-5731.624022,6221.624523,-7606.942352,8096.942854,245.0002509
7,607,-4796.148368,5204.353828,-5753.643259,6161.848719,-7623.038046,8031.243506,204.1027302
8,608,-4802.353094,5160.838725,-5756.275714,6114.761345,-7618.696069,7977.1817,179.2428155
9,609,-4762.917573,5155.699814,-5712.572429,6105.35467,-7566.660482,7959.442723,196.3911203
10,610,-4750.934801,5113.495019,-5695.401486,6057.961704,-7539.360251,7901.92047,181.2801092
11,611,-4702.967805,5094.178376,-5640.992439,6032.20301,-7472.373868,7863.584439,195.6052856
12,612,-4661.228948,5050.141234,-5591.040987,5979.953273,-7406.388301,7795.300586,194.4561427
13,613,-4770.327069,4827.938666,-5689.309958,5746.921556,-7483.514648,7541.126245,28.80579866
14,614,-4681.003348,4761.283623,-5585.052101,5665.332375,-7350.099665,7430.379939,40.1401371
15,615,-4530.00546,4683.276788,-5412.128229,5565.399556,-7134.367919,7287.639247,76.6356637
16,616,-147.2123086,531.5251507,-212.19781,596.5106521,-339.0742652,723.3871073,192.156421
17,617,182.4896555,464.8978633,155.4505718,491.936947,102.6599797,544.727539,323.6937594
18,618,165.9265238,447.3911916,138.9777791,474.3399364,86.36356305,526.9541524,306.6588577
19,619,136.7549938,418.1696794,109.8110345,445.1136386,57.20616165,497.7185115,277.4623366
20,620,85.26163938,366.5417761,58.33056247,393.472853,5.750840866,446.0525746,225.9017077
21,621,104.0312141,385.1479915,77.11577797,412.0634277,24.56659314,464.6126125,244.5896028
22,622,63.42937993,344.3607672,36.53169391,371.2584532,-15.98283593,423.772983,203.8950736
23,623,42.2122411,322.9342537,15.33460159,349.8118932,-37.14078981,402.2872846,182.5732474
24,624,67.23776769,347.7228497,40.38281304,374.5778043,-12.04828891,427.0089063,207.4803087
25,625,58.03839708,338.2545761,31.20918845,365.0837847,-21.17164744,417.4646206,198.1464866
26,626,33.89019222,313.8001591,7.090301774,340.6000496,-45.23329386,392.9236452,173.8451757
27,627,55.7394177,335.2993692,28.97303937,362.0657475,-23.28512785,414.3239147,195.5193934
28,628,-87.59139553,191.5667459,-114.3193027,218.294653,-166.5023595,270.4777099,51.98767517
29,629,-96.79937363,181.895204,-123.482897,208.5787274,-175.5792998,260.6751302,42.54791519
30,630,-65.32307333,212.8338826,-91.9551223,239.4659316,-143.9510274,291.4618367,73.75540463
31,631,48.86372156,324.7000006,22.45386505,351.1098571,-29.10823575,402.671958,186.7818611
32,632,207.5154473,453.1050871,184.0015456,476.6189888,138.0934518,522.5270825,330.3102672
33,633,202.3446851,447.7635081,178.8471382,471.261055,132.9709752,517.1372179,325.0540966
34,634,165.4684867,410.8620483,141.9733585,434.3571765,96.10191764,480.2286173,288.1652675
35,635,151.1606004,396.5024209,127.6704261,419.9925952,81.80865727,465.854364,273.8315107
36,636,114.0091661,359.291182,90.52471781,382.7756303,44.67412822,428.6262199,236.6501741
37,637,74.26660485,319.4830217,50.78843727,342.9611893,4.950110098,388.7995165,196.8748133
38,638,72.23076865,317.3755419,48.75946057,340.84685,2.934525748,386.6717848,194.8031553
39,639,132.5674299,377.6338896,109.1036199,401.0976996,63.29332423,446.9079953,255.1006598
40,640,80.9999119,325.9806432,57.54430997,349.4362452,11.75003953,395.2305156,203.4902776
41,641,63.58411463,308.4708564,40.1375117,331.9174593,-5.639189261,377.6941603,186.0274855
42,642,76.88947869,321.6730099,53.45275762,345.109731,7.695349804,390.8671388,199.2812443
43,643,-20.78950416,223.8805029,-44.21535591,247.3063547,-89.95154264,293.0425414,101.5454994
44,644,-46.77242997,197.7724895,-70.18630524,221.1863648,-115.8991093,266.8991689,75.50002977
45,645,-32.39534785,212.0115712,-55.79601031,235.4122336,-101.483018,281.0992413,89.80811165
46,646,100.8624072,344.5754312,77.52818155,367.9096569,31.97088376,413.4669547,222.7189192
47,647,243.181968,475.3555297,220.9525844,497.5849133,177.5523593,540.9851384,359.2687489
48,648,203.9174762,436.0257651,181.6943422,458.2488992,138.3063186,501.6369228,319.9716207
49,649,190.6368725,422.7306662,168.4151263,444.9524124,125.0298123,488.3377264,306.6837693
50,650,175.6878827,407.7544852,153.46874,429.973628,110.0885088,473.3538591,291.721184
51,651,191.3904422,423.4262315,169.1742496,445.6424241,125.7997783,489.0168953,307.4083368
52,652,120.5323379,352.5348263,98.31933372,374.7478305,54.95108741,418.1160768,236.5335821
53,653,89.54016249,321.5068096,67.33058989,343.7163822,23.96904339,387.0779287,205.523486
54,654,139.63694,371.5649897,117.4310629,393.7708668,74.0767314,437.1251983,255.6009649
55,655,139.5411938,371.4276341,117.3393005,393.6295273,73.99274711,436.9760807,255.4844139
56,656,139.1868053,371.0283404,116.9892115,393.2259342,73.65105217,436.5640936,255.1075729
57,657,148.4331038,380.2261252,126.2401549,402.4190741,82.91106427,445.7481647,264.3296145
58,658,14.94899085,246.6895445,-7.238934506,268.8774699,-50.55821733,312.1967527,130.8192677
59,659,14.87416731,246.5579166,-7.308319326,268.7404032,-50.6169837,312.0490676,130.7160419
60,660,56.12218869,287.7444147,33.94559258,309.9210108,-9.351571248,353.2181746,171.9333017
61,661,172.7786677,404.0671534,150.6340254,426.2117957,107.3992477,469.4465734,288.4229106
62,662,262.6996525,487.8795142,241.1398785,509.4392882,199.0469864,551.5321803,375.2895833
63,663,317.1985442,542.3447975,295.6419881,563.9013537,253.5553784,605.9879633,429.7716709
64,664,266.3729752,491.5099108,244.8173112,513.0655749,202.7324433,555.1504428,378.941443
65,665,287.4830025,512.6032077,265.9289403,534.1572699,223.8471998,576.2390104,400.0431051
66,666,249.191018,474.292469,227.6387514,495.8447356,185.5605166,537.9229704,361.7417435
67,667,217.9958004,443.0771523,196.4454582,464.6274945,154.3709806,506.7019721,330.5364764
68,668,298.7459593,523.8058563,277.1976713,545.3541444,235.1272043,587.4246114,411.2759078
69,669,326.2291693,551.2661538,304.6830751,572.812248,262.6168911,614.8784321,438.7476616
70,670,331.9548018,556.9672945,310.4110525,578.5110438,268.3494467,620.5726496,444.4610482
71,671,367.0825849,592.0688738,345.5413445,613.6101142,303.484637,655.6668217,479.5757293
72,672,367.5934165,592.5516448,346.0548627,614.0901986,304.0034006,656.1416608,480.0725307
73,673,197.7687475,422.6969013,176.2330732,444.2325756,134.1872329,486.2784159,310.2328244
74,674,173.3530926,398.2489866,151.820507,419.7815722,109.780697,461.8213821,285.8010396
75,675,267.3118376,492.1731247,245.7825655,513.7023968,203.7492246,555.7357377,379.7424811
76,676,304.1790341,528.843972,282.6685613,550.3544448,240.671924,592.3510821,416.511503
77,677,168.9255543,389.8054505,147.7774792,410.9535257,106.48838,452.2426249,279.3655024
78,678,403.8085904,624.6681926,382.6624583,645.8143247,341.3771527,687.0996303,514.2383915
79,679,557.1862208,778.0393485,536.0407085,799.1848608,494.7566132,840.4689561,667.6127846
80,680,559.4909313,780.3327354,538.3465033,801.4771635,497.0645247,842.7591421,669.9118334
81,681,567.0704576,787.8996554,545.9272366,809.0428765,504.6476145,850.3224986,677.4850565
82,682,591.2025403,812.0183003,570.0606058,833.1602348,528.7834956,874.437345,701.6104203
83,683,663.6517249,884.4532166,642.5111565,905.593785,601.2367135,946.868228,774.0524708
84,684,585.0538651,805.8402003,563.9147479,826.9793175,522.6431382,868.2509272,695.4470327
85,685,406.4675635,627.2377848,385.3299891,648.3753591,344.0613916,689.6439567,516.8526741
86,686,337.4538179,558.2068928,316.3178852,579.3428255,275.0524928,620.6082179,447.8303554
87,687,263.3462297,484.0810448,242.2120453,505.2152292,200.9500662,546.4772083,373.7136373
88,688,118.129938,338.8452925,96.99761682,359.9776137,55.73927548,401.235955,228.4876152
89,689,57.66667724,278.3612763,36.53634329,299.4916102,-4.718118226,340.7460717,168.0139767
90,690,50.97644686,271.6489102,29.84823229,292.7771248,-11.4020914,334.0274485,161.3126785
91,691,133.7119396,354.2550387,112.5961109,375.3708674,71.36996928,416.597009,243.9834891
92,692,128.6362712,346.6029919,107.7671171,367.472146,67.02257812,408.216685,237.6196316
93,693,179.6468502,397.6000465,158.7789909,418.4679057,118.0369801,459.2099166,288.6234483
94,694,330.8396316,548.7880737,309.9722276,569.6554777,269.2311054,610.3965999,439.8138527
95,695,405.0009841,622.9412558,384.1343623,643.8078776,343.3947675,684.5474725,513.97112
96,696,419.7472916,637.6785108,398.8815366,658.5442658,358.143634,699.2821685,528.7129012
97,697,318.8594678,536.7810736,297.9946332,557.6459082,257.2585276,598.3820138,427.8202707
98,698,377.224441,595.1358768,356.3605801,615.9997377,315.6263755,656.7339423,486.1801589
99,699,435.2183137,653.1189865,414.3554834,673.9818169,373.6232907,714.7140096,544.1686501
100,700,496.8546735,714.7439461,475.9929346,735.605685,435.262873,776.3357466,605.7993098
101,701,327.4111215,545.2883091,306.5505397,566.1488909,265.8227371,606.8766934,436.3497153
102,702,232.3641866,450.2285533,211.5048324,471.0879075,170.7794264,511.8133135,341.29637
103,703,42.73623761,260.5869926,21.8781866,281.4450436,-18.8446749,322.1679051,151.6616151
104,704,42.13921776,259.9755116,21.28255133,280.8321781,-19.43760695,321.5523364,151.0573647
105,705,46.48231512,264.303247,25.62711952,285.1584426,-15.09016713,325.8757292,155.392781
106,706,130.7909287,348.5201801,109.944511,369.3665977,69.2443622,410.0667466,239.6555544
107,707,192.8830746,408.7450269,172.2154409,429.4126606,131.8643464,469.7637551,300.8140508
108,708,373.9859042,589.8382207,353.3191931,610.5049318,312.9698999,650.854225,481.9120625
109,709,422.4699694,638.318649,401.8036064,658.985012,361.4549931,699.3336253,530.3943092
110,710,547.3047696,763.1472772,526.6389976,783.8130492,486.291538,824.1605088,655.2260234
111,711,410.048805,625.8844979,389.3836855,646.5496175,349.0374997,686.8958032,517.9666515
112,712,332.8788439,548.7073201,312.2144153,569.3717487,271.8695786,609.7165854,440.793082
113,713,352.9445586,568.765421,332.280859,589.4291206,291.9374455,629.7725341,460.8549898
114,714,349.2841045,565.0969311,328.6211743,585.7598613,288.279263,626.1017726,457.1905178
115,715,330.6033234,546.4076616,309.9412059,567.0697791,269.6008812,607.4101038,438.5054925
116,716,210.3982482,426.1936131,189.7369899,446.8548714,149.3983426,487.1935186,318.2959306
117,717,172.1289959,387.9148672,151.4686465,408.5752166,111.1317739,448.9120892,280.0219315
118,718,30.78420752,246.5600279,10.12482047,267.2194149,-30.2101733,307.5544087,138.6721177
119,719,-19.80817814,195.9569939,-40.46654567,216.6153614,-80.79954894,256.9483647,88.07440786
120,720,-18.02007411,197.7338183,-38.67736168,218.3911058,-79.00825646,258.7220006,89.85687208
121,721,105.0129745,320.69849,84.3622337,341.3492308,44.04412063,381.6673439,212.8557323
122,722,199.3523351,413.6221622,178.8371389,434.1373584,138.7836605,474.1908367,306.4872486
123,723,115.04774,329.310363,94.53323352,349.8248694,54.48110187,389.8770011,222.1790515
124,724,146.4128788,360.6726309,125.8986473,381.1868625,85.84705226,421.2384575,253.5427549
125,725,136.7442019,350.9991275,116.2304325,371.512897,76.17973968,411.5635898,243.8716647
126,726,134.5761988,348.8258096,114.0629382,369.3390702,74.01323887,409.3887695,241.7010042
127,727,107.9321033,322.1760979,87.41938046,342.6888208,47.37073102,382.7374703,215.0541006
128,728,97.54028939,311.778371,77.02813264,332.2905278,36.9805885,372.3380719,204.6593302
129,729,146.7690742,361.0009281,126.2575137,381.5124886,86.21113373,421.5588686,253.8850012
130,730,98.70642794,312.9317173,78.19549597,333.4426493,38.15034309,373.4878022,205.8190726
131,731,112.7952797,327.013644,92.2850108,347.5239129,52.24115244,387.5677712,219.9044618
132,732,62.31647146,276.5275246,41.80690254,297.0370935,1.764410856,337.0795852,169.421998
133,733,-44.48730907,169.7160199,-64.99613844,190.2248493,-105.0371863,230.2658971,62.61435543
134,734,-54.62844733,159.5667159,-75.13649487,180.0747634,-115.1760163,220.1142848,52.46913427
135,735,-6.98871963,207.1978122,-27.49594076,227.7050333,-67.53384868,267.7429412,100.1045463
136,736,113.3737368,327.5073085,92.87158634,348.009459,52.84357826,388.0374671,220.4405227
137,737,224.8129915,437.8362576,204.4171468,458.2321022,164.5966883,498.0525608,331.3246245
138,738,236.3273608,449.3450417,215.932051,469.7403516,176.1126365,509.5597661,342.8362013
139,739,214.6543374,427.6696949,194.25925,448.0647823,154.4402698,487.8837625,321.1620162
140,740,233.5082267,446.5197067,213.1135105,466.9144229,173.2952551,506.7326782,340.0139667
141,741,151.189317,364.1965364,130.7950087,384.5908446,90.9775498,424.4083035,257.6929267
142,742,152.0227005,365.0254251,131.6288226,385.419303,91.81220386,425.2359217,258.5240628
143,743,179.730696,392.7286962,159.3372704,413.1221218,119.5215348,452.9378574,286.2296961
144,744,164.2576572,377.2506899,143.8647073,397.6436398,104.0499003,437.4584468,270.7541736
145,745,136.8753307,349.8631357,116.4828813,370.2555851,76.6690515,410.0694149,243.3692332
146,746,154.2348629,367.2171622,133.8429407,387.6090844,94.03014005,427.4218851,260.7260126
147,747,165.9386172,378.9151135,145.5472505,399.3064801,105.7355347,439.118196,272.4268653
148,748,39.28740171,252.2577774,18.89662106,272.6485581,-20.91395069,312.4591298,145.7725896
149,749,-11.65086112,201.3130548,-32.04102328,221.7032169,-71.8503875,261.5125812,94.83109683
150,750,5.735425056,218.6925242,-14.65408444,239.0820337,-54.4621744,278.8901237,112.2139746
151,751,119.6302573,332.5451257,99.24479123,352.9305918,59.44459548,392.7307875,226.0876915
152,752,248.6644137,460.6851321,228.3645576,480.9849882,188.7315054,520.6180404,354.6747729
153,753,174.6386913,386.6549551,154.3392618,406.9543846,114.7070422,446.5866041,280.6468232
154,754,181.3773486,393.3916938,161.0781028,413.6909396,121.4462419,453.3228005,287.3845212
155,755,259.6027012,471.6138632,239.3037601,491.9128043,199.6724942,531.5440701,365.6082822
156,756,215.6242706,427.631941,195.3256638,447.9305477,155.6950507,487.5611609,321.6281058
157,757,184.2016101,396.205602,163.9033555,416.5038565,124.27343,456.1337821,290.203606
158,758,182.0518975,394.0520282,161.7540127,414.3499131,122.1248089,453.9791168,288.0519629
159,759,176.5250731,388.5211491,156.2275764,408.8186458,116.5991306,448.4470916,282.5231111
160,760,131.2455936,343.2374085,110.948505,363.5344972,71.32085568,403.1621465,237.2415011
161,761,179.8844013,391.8717345,159.5877418,412.168394,119.9609303,451.7952055,285.8780679
162,762,119.4489377,331.4315533,99.15272977,351.7277612,59.52680009,391.3536909,225.4402455
163,763,36.57651838,248.5541651,16.28078624,268.8498972,-23.34421459,308.474898,142.5653417
164,764,-14.73240377,197.2400055,-35.02763445,217.5352362,-74.65165626,257.159258,91.25380089
165,765,74.22930473,286.1961947,53.9346025,306.4908969,14.31161243,346.113887,180.2127497
166,766,161.0990805,373.0315073,140.8076779,393.3229099,101.1911301,432.9394577,267.0652939
167,767,244.3270432,455.5239343,224.1060643,475.7449133,184.6270102,515.2239674,349.9254888
168,768,226.1164976,437.3097542,205.8958666,457.5303851,166.4174919,497.0087598,331.7131259
169,769,226.2302141,437.4218597,206.0097374,457.6423364,166.5316638,497.1204099,331.8260369
170,770,194.3833583,405.572344,174.1631362,425.792566,134.6855599,465.2701424,299.9778511
171,771,223.7277862,434.9138584,203.5078432,455.1338014,164.0308114,494.6108332,329.3208223
172,772,245.4774474,456.6604536,225.2577979,476.8801031,185.7813393,516.3565617,351.0689505
173,773,193.138164,404.3179554,172.9188222,424.5372971,133.4429646,464.0131548,298.7280597
174,774,261.7785945,472.955014,241.5595756,493.1740329,202.0843483,532.6492602,367.3668042
175,775,262.4324738,473.6053535,242.2137939,493.8240334,202.7392282,533.2985991,368.0189136
176,776,229.0068053,440.1759659,208.7884814,460.3942898,169.3146109,499.8681602,334.5913856
177,777,331.3394566,542.504707,311.1215071,562.7226565,271.6483676,602.195796,436.9220818
178,778,188.5938004,399.7549366,168.3762448,419.9724922,128.9038744,459.4448627,294.1743685
179,779,187.9611108,399.1179153,167.74397,419.3350562,128.2724092,458.8066169,293.5395131
180,780,125.850472,337.0027166,105.6337677,357.2194209,66.16305936,396.6901292,231.4265943
181,781,171.1010453,382.2246313,150.887085,402.4385917,111.4217338,441.9039428,276.6628383
182,782,172.0689994,382.5768864,151.913989,402.7318969,112.5637304,442.0821554,277.3229429
183,783,194.2957589,404.8006249,174.1410377,424.9553461,134.7913439,464.3050399,299.5481919
184,784,302.1324679,512.6359621,281.977878,532.790552,242.6284407,572.1399893,407.384215
185,785,400.4016061,610.9028445,380.2472322,631.0572183,340.8982165,670.406234,505.6522253
186,786,413.3428025,623.8415729,393.188665,643.9957105,353.8401106,683.3442648,518.5921877
187,787,422.1756011,632.6717768,402.021712,652.825666,362.6736426,692.1737353,527.423689
188,788,321.0776673,531.5711251,300.9240384,551.724754,261.5764771,591.0723153,426.3243962
189,789,337.0970473,547.5876568,316.9436911,567.741013,277.5966623,607.0880419,442.3423521
190,790,268.8148196,479.3024418,248.6617494,499.4555121,209.315279,538.8019825,374.0586307
191,791,238.1499669,448.6344535,217.9971969,468.7872235,178.6513126,508.1331078,343.3922102
192,792,181.2828263,391.7640192,161.1303716,411.9164738,121.7851031,451.2617424,286.5234227
193,793,73.10770195,283.5854325,52.95557881,303.7375556,13.61095745,343.0821769,178.3465672
194,794,25.75900631,236.2330948,5.607231885,256.3848692,-33.73670866,295.7288097,130.9960505
195,795,16.56431438,227.0345724,-3.58709331,247.1859801,-42.93031784,286.5292047,121.7994434
196,796,145.2431834,355.6892344,125.0940934,375.8383244,85.75539391,415.1770239,250.4662089
197,797,121.7336048,331.6567066,101.6345844,351.755727,62.39363983,390.9966716,226.6951557
198,798,92.99529185,302.9158433,72.89651564,323.0146195,33.65604781,362.2550874,197.9555676
199,799,155.9344723,365.8538417,135.8358093,385.9525047,96.5955624,425.1927516,260.894157
200,800,258.2006104,468.1180425,238.1021328,488.21652,198.8622481,527.4564048,363.1593264
201,801,342.5238557,552.4391704,322.4255809,572.5374452,283.1860919,611.7769341,447.481513
202,802,324.4569889,534.3700794,304.358927,554.4681413,265.1198539,593.7072144,429.4135341
203,803,330.9017803,540.8125428,310.8039414,560.9103818,271.5653034,600.1490198,435.8571616
204,804,287.8338667,497.7421915,267.7362611,517.839797,228.4980789,557.0779793,392.7880291
205,805,202.3289147,412.2346848,182.2315538,432.3320458,142.993849,471.5697506,307.2817998
206,806,177.5442525,387.4473433,157.4471481,407.5444477,118.2099442,446.7816516,282.4957979
207,807,189.9597381,399.8600165,169.8629029,419.9568516,130.6262247,459.1935298,294.9098773
208,808,25.7048364,235.6021608,5.608284063,255.6987131,-33.62784192,294.9348391,130.6534986
209,809,30.58557758,240.4797971,10.48932252,260.5760521,-28.74622307,299.8115977,135.5326873
210,810,83.57488404,293.4658406,63.47894138,313.5617833,24.24400573,352.7967189,188.5203623
211,811,134.6290305,344.499269,114.5350715,364.593228,75.3040087,403.8242909,239.5641498
212,812,253.293176,462.713721,233.2422727,482.7646243,194.0952711,521.9116259,358.0034485
213,813,254.2460839,463.6644476,234.1953896,483.715142,195.0487957,522.8617358,358.9552658
214,814,240.3254779,449.7428124,220.2748821,469.7934083,181.1284806,508.9398097,345.0341452
215,815,208.7238056,418.1394584,188.6733708,438.1898932,149.5272837,477.3359803,313.431632
216,816,188.3788693,397.7926855,168.3286103,417.8429445,129.1828665,456.9886883,293.0857774
217,817,173.693239,383.1051275,153.6431646,403.1552019,114.4977812,442.3005853,278.3991833
218,818,97.42282243,306.8326945,77.37294106,326.8825759,38.22793458,366.0275824,202.1277585
219,819,127.3915684,336.7993306,107.3418891,356.8490099,68.197277,395.993622,232.0954495
220,820,90.37880361,299.7843561,70.32933582,319.8338239,31.1851368,358.9780229,195.0815798
221,821,81.18721464,290.5904512,61.13796859,310.6396972,21.99420249,349.7834633,185.8888329
222,822,94.71961538,304.1204227,74.67060191,324.1694361,35.52728991,363.3127481,199.420019
223,823,-68.71093236,140.6873251,-88.75970169,160.7360944,-127.902537,199.8789297,35.98819635
224,824,-74.99198132,134.4035978,-95.04049421,154.4521107,-134.1828289,193.5944454,29.70580823
225,825,-42.58246894,166.8102974,-62.63071252,186.858541,-101.7725214,226.0003499,62.11391423
226,826,87.73903566,297.1138691,67.69250906,317.1603957,28.55405234,356.2988524,192.4264524
227,827,251.5281296,460.5121376,231.5190225,480.5212448,192.4536228,519.5866444,356.0201336
228,828,200.78806,409.770181,180.7791335,429.7791075,141.7140866,468.8441544,305.2791205
229,829,198.8953722,407.8765891,178.8865323,427.8854291,139.8216543,466.950307,303.3859807
230,830,204.9655813,413.9453246,184.9568825,433.9540235,145.89228,473.0186259,309.455453
231,831,169.2369652,378.2151005,149.2284203,398.2236453,110.1641184,437.2879472,273.7260328
232,832,146.3291756,355.305624,126.3207922,375.3140073,87.25680565,414.3779939,250.8173998
233,833,103.4041131,312.3787981,83.39589858,332.3870127,44.33224166,371.4506696,207.8914556
234,834,147.2766194,356.2494603,127.2685815,376.2574983,88.20526924,415.3208105,251.7630399
235,835,147.8447126,356.8156235,127.8368595,376.8234766,88.77390804,415.8864281,252.3301681
236,836,159.6769071,368.6457962,139.6692475,388.6534558,100.606674,427.7160293,264.1613516
237,837,249.1867975,458.1535672,229.1793408,478.1610239,190.1171635,517.2232012,353.6701824
238,838,100.1118987,309.0764451,80.10465494,329.0836889,41.04289323,368.1454506,204.5941719
239,839,-18.62746691,190.3347455,-38.63448724,210.3417658,-77.69581266,249.4030912,85.85363929
240,840,-25.01640041,183.9433623,-45.0231862,203.9501481,-84.0840537,243.0110156,79.46348094
241,841,74.50534363,283.4494323,54.50005854,303.4547174,15.44212099,342.512655,178.977388
242,842,234.3196113,442.9208915,214.3471483,462.8933545,175.353292,501.8872109,338.6202514
243,843,159.7032334,368.3028653,139.7309282,388.2751705,100.73738,427.2687188,264.0030494
244,844,233.8426693,442.4415008,213.8704408,462.4137293,174.8770422,501.4071279,338.1420851
245,845,270.8590264,479.4565559,250.8869225,499.4286598,211.8937672,538.421815,375.1577911
246,846,189.9078107,398.5039206,169.9358427,418.4758885,130.9429528,457.4687784,294.2058656
247,847,123.3625968,331.9572183,103.3907714,351.9290437,64.39815978,390.9216553,227.6599075
248,848,201.5588492,410.1519154,181.5871726,430.123592,142.5948517,469.1159129,305.8553823
249,849,160.384916,368.9763568,140.4133951,388.9478777,101.421378,427.9398947,264.6806364
250,850,126.3119633,334.9017037,106.3406052,354.8730618,67.34890602,393.864761,230.6068335
251,851,347.1173852,555.7053453,327.1461975,575.676533,288.1548311,614.6678994,451.4113652
252,852,373.2083839,581.7944788,353.2373748,601.7654879,314.2463571,640.7565056,477.5014313
253,853,295.8755523,504.4596915,275.9047305,524.4305133,236.9140783,563.4211655,400.1676219
254,854,126.5896164,335.1717036,106.618991,355.1423289,67.62872248,394.1325975,230.88066
255,855,25.47580249,234.055737,5.505383223,254.0261563,-33.48448296,293.0160224,129.7657697
256,856,117.6567353,326.2228531,97.6876389,346.1919495,58.70035548,385.1792329,221.9397942
257,857,248.1479833,456.4109714,228.20791,476.3510448,189.2772906,515.2816641,352.2794774
258,858,229.9221986,438.1837347,209.9822643,458.1236691,171.0519164,497.054017,334.0529667
259,859,220.7757829,429.0366052,200.8359169,448.9764712,161.9057024,487.9066857,324.906194
260,860,285.3259911,493.5856549,265.386236,513.52541,226.4562381,552.4554079,389.455823
261,861,235.7811854,444.0395866,215.8415512,463.9792208,176.9117893,502.9089828,339.910386
262,862,174.8673778,383.1244559,154.9278703,403.0639634,115.9983557,441.993478,278.9959168
263,863,133.6288426,341.884539,113.6894674,361.8239142,74.76021113,400.7531705,237.7566908
264,864,155.5026984,363.7569512,135.5634615,383.6961882,96.63447499,422.6251747,259.6298248
265,865,101.7740218,310.0267653,81.83492938,329.9658577,42.90622507,368.894562,205.9003935
266,866,168.1976995,376.4488634,148.2587583,396.3878046,109.3303493,435.3162137,272.3232815
267,867,151.0666049,359.3161146,131.1278221,379.2548974,92.19972225,418.1829973,255.1913598
268,868,-36.22378663,172.0239894,-56.16240348,191.9626062,-95.09017924,230.890382,67.90010137
269,869,4.601789078,212.8477469,-15.33665369,232.7861896,-54.26408957,271.7136255,108.724768
270,870,21.9112791,230.1553304,1.973018871,250.0935906,-36.95406062,289.0206701,126.0333047
271,871,126.406441,334.6382212,106.4693557,354.5753065,67.54457006,393.5000922,230.5223311
272,872,315.3244078,523.2862241,295.4131701,543.1974619,256.5388488,582.0717831,419.305316
273,873,304.5117391,512.4722666,284.6006247,532.3833809,245.7265444,571.2574613,408.4920028
274,874,430.8181039,638.777991,410.9070508,658.689044,372.0330902,697.5630047,534.7980474
275,875,316.6344984,524.593348,296.7235447,544.5043017,257.849778,583.3780684,420.6139232
276,876,320.7347264,528.6924458,300.8238809,548.6032912,261.9503254,587.4768467,424.7135861
277,877,237.9904702,445.9470057,218.0797381,465.8577379,179.206404,504.731072,341.968738
278,878,313.7048048,521.6601045,293.794191,541.5707183,254.9210879,580.4438215,417.6824547
279,879,327.923529,535.8775382,308.0130388,555.7880284,269.1401769,594.6608903,431.9005336
280,880,336.2515417,544.2042019,316.3411806,564.114563,277.4685708,602.9871728,440.2278718
281,881,438.9007037,646.851953,418.9904777,666.762179,380.1181317,705.634525,542.8763283
282,882,508.605619,716.5553912,488.6955344,736.4654758,449.8234645,775.3375457,612.5805051
283,883,460.765604,668.7138289,440.8556676,688.6237653,401.983887,727.4955459,564.7397165
284,884,282.1497631,490.0963657,262.239982,510.0061468,223.3685046,548.8776242,386.1230644
285,885,126.4282895,334.3731918,106.5186712,354.2828102,67.64751162,393.1539697,230.4007407
286,886,276.4178876,484.3518188,256.5093197,504.2603867,217.640211,543.1294954,380.3848532
287,887,171.7294311,379.4214029,151.8440295,399.3068045,113.0201503,438.1306837,275.575417
288,888,295.2221854,502.9130056,275.3368941,522.7982969,236.5132301,561.6219608,399.0675955
289,889,377.0583146,584.7485571,357.1730787,604.6337931,318.3495227,643.4573491,480.9034359
290,890,439.7994053,647.4887131,419.9142588,667.3738596,381.0908776,706.1972409,543.6440592
291,891,456.3050989,663.9933891,436.4200498,683.8784382,397.5968587,722.7016292,560.149244
292,892,335.1544177,542.8416425,315.2694707,562.7265895,276.4464788,601.5495814,438.9980301
293,893,289.2680221,496.954135,269.3831815,516.8389756,230.5603975,555.6617596,393.1110785
294,894,339.8604347,547.5453869,319.9757052,567.4301164,281.1531382,606.2526835,443.7029108
295,895,309.3991301,517.0828697,289.5145167,536.9674831,250.6921763,575.7898235,413.2409999
296,896,179.6365445,387.3190161,159.7520525,407.2035081,120.9299492,446.0256114,283.4777803
297,897,200.8038371,408.4849818,180.9194722,428.3693467,142.0976168,467.191202,304.6444094
298,898,37.50241577,245.1821709,17.6181839,265.0664027,-21.20341166,303.8879983,141.3422933
299,899,9.664898972,217.3431978,-10.21919347,237.2272903,-49.04051681,276.0486136,113.5040484
300,900,5.669910793,213.3466838,-14.21403556,233.2306302,-53.03507368,272.0516683,109.5082973
301,601,138.9239638,346.5908694,119.0409622,366.473871,80.22176861,405.2930646,242.7574166
302,602,216.6626393,424.1114469,196.8005194,443.9735668,158.0220949,482.7519913,320.3870431
303,603,232.3496043,439.7973768,212.4875836,459.6593976,173.7093526,498.4376286,336.0734906
304,604,209.1076088,416.5548574,189.2456382,436.416828,150.4675051,475.1949611,312.8312331
305,605,190.2308614,397.6772637,170.3689718,417.5391533,131.5909969,456.3171282,293.9540626
306,606,141.2775102,348.7229915,121.4157088,368.5847929,82.63790606,407.3625956,245.0002509
307,607,100.3804716,307.8249888,80.51876249,327.6866979,41.74113996,366.4643205,204.1027302
308,608,75.5210597,282.9645713,55.65944688,302.8261842,16.88201234,341.6036187,179.2428155
309,609,92.6698892,300.1123514,72.80837686,319.9738638,34.03113848,358.7511021,196.3911203
310,610,77.5594261,285.0007923,57.6980187,304.8621997,18.92098521,343.6392331,181.2801092
311,611,91.8851754,299.3253958,72.0238777,319.1866936,33.24705838,357.9635129,195.6052856
312,612,90.73663175,298.1756536,70.8754488,318.0368366,32.09885353,356.8134319,194.4561427
313,613,-74.9130849,132.5246822,-94.77414771,152.385745,-133.5505084,191.1621058,28.80579866
314,614,-63.57808921,143.8583634,-83.43902616,163.7193004,-122.2151412,202.4954154,40.1401371
315,615,-27.08187417,180.3532016,-46.94267929,200.2140067,-85.71853692,238.9898643,76.6356637
316,616,88.44334431,295.8694978,68.58339344,315.7294486,29.80920366,354.5036384,192.156421
317,617,220.079483,427.3080357,200.2384514,447.1490674,161.5011992,485.8863196,323.6937594
318,618,203.0450491,410.2726663,183.2041071,430.1136083,144.4670297,468.8506857,306.6588577
319,619,173.8487666,381.0759065,154.0078702,400.9168029,115.270882,439.6537911,277.4623366
320,620,122.2885227,329.5148927,102.4477,349.3557154,63.71085579,388.0925597,225.9017077
321,621,140.9768366,348.2023691,121.1360941,368.0431116,82.3994064,406.7797992,244.5896028
322,622,100.2827455,307.5074016,80.44208694,327.3480602,41.70556308,366.084584,203.8950736
323,623,78.96137629,286.1851185,59.12080523,306.0256895,20.38445221,344.7620426,182.5732474
324,624,103.8689143,311.091703,84.02843453,330.9321828,45.29225974,369.6683576,207.4803087
325,625,94.53558996,301.7573832,74.6952055,321.5977676,35.9592168,360.3337563,198.1464866
326,626,70.23479922,277.4555521,50.39451436,297.295837,11.65872012,336.0316312,173.8451757
327,627,91.90956095,299.1292259,72.06938027,318.9694066,33.3337894,357.7049975,195.5193934
328,628,-51.62158799,155.5969383,-71.46165966,175.43701,-110.1970377,214.172388,51.98767517
329,629,-61.06075172,146.1565821,-80.90070922,165.9965396,-119.6358643,204.7316947,42.54791519
330,630,-29.85263792,177.3634472,-49.69247585,197.2032851,-88.42739754,235.9382068,73.75540463
331,631,83.17787191,290.3858503,63.33881015,310.2249121,24.60540386,348.9583183,186.7818611
332,632,226.7962098,433.8243245,206.9743691,453.6461653,168.2745847,492.3459496,330.3102672
333,633,221.540464,428.5677291,201.7187046,448.3894885,163.0190791,487.0891141,325.0540966
334,634,184.6518532,391.6786818,164.8301356,411.5003994,126.1305916,450.1999434,288.1652675
335,635,170.3184481,377.3445733,150.4967978,397.1662235,111.7973853,435.865636,273.8315107
336,636,133.1374939,340.1628542,113.3159169,359.9844313,74.61664743,398.6837007,236.6501741
337,637,93.36253327,300.3870933,73.54103284,320.2085938,34.84191295,358.9077136,196.8748133
338,638,91.29129236,298.3150182,71.46987181,318.1364388,32.77090786,356.8354027,194.8031553
339,639,151.5892319,358.6120876,131.7678946,378.4334249,93.0690933,417.1322262,255.1006598
340,640,99.97930377,307.0012514,80.15805347,326.8225017,41.45942193,365.5211332,203.4902776
341,641,82.5169861,289.5379849,62.69582664,309.3591444,23.99737246,348.0575985,186.0274855
342,642,95.77124089,302.7912477,75.95017641,322.6123122,37.25190766,361.3105809,199.2812443
343,643,-1.963985059,205.0549838,-21.78495017,224.8759489,-60.4830249,263.5740237,101.5454994
344,644,-28.00891131,179.0089708,-47.82977237,198.8298319,-86.52764396,237.5277035,75.50002977
345,645,-13.7002606,193.3164839,-33.52101274,213.137236,-72.21867166,251.834895,89.80811165
346,646,119.214246,326.2235924,99.39420223,346.0436362,60.69792623,384.7399122,222.7189192
347,647,255.8462819,462.6912158,236.0419797,482.495518,197.3764373,521.1610604,359.2687489
348,648,216.5495412,423.3937002,196.7453132,443.1979282,158.0799157,481.8633257,319.9716207
349,649,203.2618902,410.1056485,183.4577006,429.9098381,144.792378,468.5751607,306.6837693
350,650,188.2996274,395.1427405,168.4954996,414.9468684,129.8302976,453.6120703,291.721184
351,651,203.987131,410.8295427,184.1830703,430.6336034,145.5179994,469.2986743,307.4083368
352,652,133.112743,339.9544212,113.3087525,359.7584117,74.64381879,398.4233454,236.5335821
353,653,102.1030292,308.9439429,82.29911194,328.7478602,43.63432109,367.412651,205.523486
354,654,152.1809066,359.0210231,132.3770656,378.8248641,93.7124238,417.4895059,255.6009649
355,655,152.0647716,358.9040562,132.2610103,378.7078175,93.59652395,417.3723039,255.4844139
356,656,151.688365,358.5267808,131.8846868,378.3304589,93.22036292,416.9947828,255.1075729
357,657,160.9108607,367.7483683,141.1072695,387.5519595,102.4431154,426.2161136,264.3296145
358,658,27.40098886,234.2375465,7.59748866,254.0410467,-31.06648792,292.7050233,130.8192677
359,659,27.29826033,234.1338235,7.494855345,253.9372285,-31.16893535,292.6010192,130.7160419
360,660,68.51604047,275.3505629,48.71273513,295.1538682,10.04913899,333.8174644,171.9333017
361,661,185.0090386,391.8367825,165.2063823,411.6394388,126.5440532,450.3017679,288.4229106
362,662,271.9511465,478.6280202,252.1629352,498.4162315,213.5288084,537.0503583,375.2895833
363,663,326.4335889,533.1097528,306.6454456,552.8978962,268.0114514,591.5318903,429.7716709
364,664,275.6035457,482.2793403,255.8154377,502.0674483,217.1815126,540.7013735,378.941443
365,665,296.7055047,503.3807055,276.9174536,523.1687566,238.2836395,561.8025707,400.0431051
366,666,258.4044658,465.0790212,238.6164765,484.8670105,199.982783,523.500704,361.7417435
367,667,227.1995361,433.8734166,207.4116114,453.6613413,168.7780441,492.2949087,330.5364764
368,668,307.9393192,514.6124965,288.1514618,534.4003539,249.5180259,573.0337898,411.2759078
369,669,335.4114394,542.0838837,315.6236522,561.8716709,276.9903534,600.5049698,438.7476616
370,670,341.1252084,547.7968879,321.3374944,567.5846019,282.7043385,606.2177578,444.4610482
371,671,376.2402889,582.9111698,356.4526514,602.6988073,317.8196448,641.3318139,479.5757293
372,672,376.7375075,583.4075538,356.9499499,603.1951114,318.3170993,641.827962,480.0725307
373,673,206.8982376,413.5674112,187.1107636,433.3548852,148.4780761,471.9875727,310.2328244
374,674,182.4669095,389.1351696,162.6795229,408.9225563,124.0470062,447.555073,285.8010396
375,675,276.408829,483.0761333,256.6215339,502.8634284,217.9891958,541.4957665,379.7424811
376,676,313.1809677,519.8420384,293.3942694,539.6287366,254.7630966,578.2599094,416.511503
377,677,176.1044347,382.6265702,156.3310387,402.3999662,117.7258371,441.0051678,279.3655024
378,678,410.9776499,617.499133,391.2043165,637.2724665,352.5992368,675.8775462,514.2383915
379,679,564.3522138,770.8733555,544.578913,790.6466563,505.9738971,829.2516722,667.6127846
380,680,566.6515368,773.17213,546.8782885,792.9453783,508.2733751,831.5502917,669.9118334
381,681,574.2250579,780.7450552,554.4518666,800.5182465,515.8470647,839.1230484,677.4850565
382,682,598.3507331,804.8701075,578.5776015,824.6432391,539.972916,863.2479246,701.6104203
383,683,670.793108,877.3118335,651.0200385,897.084903,612.4154744,935.6894672,774.0524708
384,684,592.1880081,798.7060573,572.4150034,818.479062,533.8105657,857.0834997,695.4470327
385,685,413.5940023,620.111346,393.8210652,639.8842831,355.2167593,678.488589,516.8526741
386,686,344.5720518,551.0886589,324.7991852,570.8615255,286.195017,609.4656937,447.8303554
387,687,270.4557185,476.9715561,250.6829255,496.744349,212.0789012,535.3483734,373.7136373
388,688,125.2300988,331.7451317,105.4573829,351.5178476,66.85350891,390.1217216,228.4876152
389,689,64.75688122,271.2710723,44.98424591,291.0437076,6.380529344,329.6474242,168.0139767
390,690,58.05602337,264.5693337,38.28347239,284.3418847,-0.320079536,322.9454366,161.3126785
391,691,140.72971,347.2372683,120.9577097,367.0092686,82.35523299,405.6117453,243.9834891
392,692,134.4300337,340.8092294,114.6703234,360.5689397,76.09184155,399.1474216,237.6196316
393,693,185.4341513,391.8127453,165.6744987,411.5723979,127.0961293,450.1507673,288.6234483
394,694,336.6247139,543.0029914,316.8650916,562.7626138,278.2867813,601.340924,439.8138527
395,695,410.7822352,617.1600047,391.0226616,636.9195784,352.4444463,675.4977936,513.97112
396,696,425.5242924,631.90151,405.7647716,651.6610308,367.1866595,690.2391429,528.7129012
397,697,324.6319503,531.0085911,304.8724847,550.7680567,266.2944804,589.346061,427.8202707
398,698,382.9921389,589.3681789,363.2327308,609.127587,324.6548388,647.705479,486.1801589
399,699,440.9809431,647.3563572,421.221595,667.1157053,382.64382,705.6934803,544.1686501
400,700,502.6119292,708.9866904,482.8526436,728.745976,444.2749906,767.323629,605.7993098
401,701,333.1626754,539.5367551,313.403455,559.2959756,274.8259294,597.8735011,436.3497153
402,702,238.109686,444.4830539,218.3505337,464.2422062,179.7731413,502.8195986,341.29637
403,703,48.47530323,254.847927,28.71622223,274.607008,-9.861031155,313.1842614,151.6616151
404,704,47.87144204,254.2432874,28.11243557,274.0022938,-10.46467229,312.5794017,151.0573647
405,705,52.2072655,258.5782966,32.44833699,278.3372251,-6.128618663,316.9141807,155.392781
406,706,136.4727008,342.8384079,116.7142821,362.5968267,78.13832164,401.1727871,239.6555544
407,707,197.6906735,403.937428,177.9436438,423.6844577,139.3899192,462.2381823,300.8140508
408,708,378.7889636,585.0351613,359.0419872,604.7821377,320.4883667,643.3357582,481.9120625
409,709,427.2713575,633.5172609,407.5244093,653.2642091,368.9708437,691.8177747,530.3943092
410,710,552.1033076,758.3487391,532.3564046,778.0956421,493.8029273,816.6491194,655.2260234
411,711,414.844192,621.0891109,395.0973381,640.8359649,356.5439566,679.3893464,517.9666515
412,712,337.6708903,543.9152737,317.9240877,563.6620763,279.3708063,602.2153577,440.793082
413,713,357.733077,563.9769026,337.9863277,583.7236519,299.4331506,622.276829,460.8549898
414,714,354.0688955,560.3121401,334.3222019,580.0588337,295.7691334,618.6119022,457.1905178
415,715,335.3841732,541.6268118,315.6375376,561.3734474,277.0845823,599.9264027,438.5054925
416,716,215.1749274,421.4169338,195.4283524,441.1635089,156.8755153,479.7163459,318.2959306
417,717,176.9012586,383.1426045,157.1547467,402.8891164,118.6020331,441.44183,280.0219315
418,718,35.55178982,241.7924456,15.80534405,261.5388913,-22.74724053,300.0914759,138.6721177
419,719,-15.04555904,191.1943748,-34.79193568,210.9407514,-73.34438531,249.493201,88.07440786
420,720,-13.26271733,192.9764615,-33.00902168,212.7227658,-71.56133019,251.2750743,89.85687208
421,721,109.7386139,315.9728506,89.99278274,335.7186818,51.44139806,374.2700665,212.8557323
422,722,203.4254007,409.5490966,183.6901532,429.284344,145.159432,467.8150653,306.4872486
423,723,119.1174619,325.2406411,99.38226388,344.9758391,60.8516392,383.5064638,222.1790515
424,724,150.4813024,356.6042074,130.7461306,376.3393791,92.21555722,414.8699526,253.5427549
425,725,140.810432,346.9328974,121.0753024,366.6680271,82.54481113,405.1985183,243.8716647
426,726,138.6400102,344.7619982,118.9049262,364.4970822,80.37452418,403.0274842,241.7010042
427,727,111.9933559,318.1148453,92.2583197,337.8498816,53.72801089,376.3801904,215.0541006
428,728,101.5988451,307.7198153,81.86385858,327.4548018,43.33364682,365.9850136,204.6593302
429,729,150.8247865,356.9452159,131.0898517,376.6801506,92.55974106,415.2102613,253.8850012
430,730,102.7591398,308.8790054,83.02425907,328.6138862,44.4942538,367.1438915,205.8190726
431,731,116.8448232,322.9641005,97.10999874,342.6989249,58.58010343,381.2288202,219.9044618
432,732,66.36266649,272.4813295,46.62790088,292.2160951,8.098120403,330.7458756,169.421998
433,733,-40.44465511,165.673366,-60.17935925,185.4080701,-98.70901972,223.9377306,62.61435543
434,734,-50.58954058,155.5278091,-70.32418045,175.262449,-108.8537154,213.791984,52.46913427
435,735,-2.953777586,203.1628701,-22.68835024,222.8974428,-61.217754,261.4268466,100.1045463
436,736,117.3844988,323.4965466,97.65036652,343.2306788,59.12182262,381.7592227,220.4405227
437,737,228.3200961,434.329153,208.5958247,454.0534244,170.0865329,492.5627162,331.3246245
438,738,239.8319132,445.8404894,220.1076878,465.5647147,181.5984859,504.0739167,342.8362013
439,739,218.1578562,424.1661762,198.4336553,443.890377,159.9245013,482.3995311,321.1620162
440,740,237.0100119,443.0179214,217.2858504,462.742083,178.776773,501.2511603,340.0139667
441,741,154.6891947,360.6966587,134.9650758,380.4207776,96.45608174,418.9297716,257.6929267
442,742,155.5205635,361.5275621,135.7964892,381.2516364,97.28758213,419.7605435,258.5240628
443,743,183.226439,389.2329531,163.5024111,408.9569811,124.9935946,447.4657976,286.2296961
444,744,167.7511688,373.7571783,148.0271892,393.4811579,109.518467,431.9898801,270.7541736
445,745,140.3664914,346.371975,120.6425621,366.0959042,82.13393832,404.6045281,243.3692332
446,746,157.7235451,363.72848,137.9996684,383.4523567,99.49114715,421.960878,260.7260126
447,747,169.4246844,375.4290463,149.7008625,395.1528682,111.1924483,433.6612823,272.4268653
448,748,42.7707079,248.7744712,23.04694332,268.4982358,-15.46135894,307.0065381,145.7725896
449,749,-8.170471885,197.8326655,-27.89417653,217.5563702,-66.4023618,256.0645555,94.83109683
450,750,9.212733104,215.2152162,-10.51090889,234.9388582,-49.01897184,273.4469211,112.2139746
451,751,123.088596,329.086787,103.3653649,348.8100181,64.85810428,387.3172787,226.0876915
452,752,251.7237719,457.6257739,232.0097504,477.3397954,193.5204704,515.8290754,354.6747729
453,753,177.6960463,383.5976,157.9820678,403.3115785,119.4928716,441.8007747,280.6468232
454,754,184.4338643,390.3351781,164.7199087,410.0491337,126.2307574,448.538285,287.3845212
455,755,262.6578174,468.558747,242.9438986,488.2726658,204.454819,526.7617454,365.6082822
456,756,218.6778494,424.5783622,198.9639705,444.292241,160.4749688,482.7812427,321.6281058
457,757,187.2535673,393.1536447,167.5397301,412.8674819,129.0508099,451.3564022,290.203606
458,758,185.1021508,391.001775,165.3883569,410.7155688,126.8995214,449.2044044,288.0519629
459,759,179.5735349,385.4726873,159.8597863,405.1864359,121.371039,443.6751832,282.5231111
460,760,134.2921708,340.1908314,114.5784693,359.9045329,76.08981388,398.3931883,237.2415011
461,761,182.9289941,388.8271417,163.2153417,408.5407941,124.7267822,447.0293536,285.8780679
462,762,122.4914395,328.3890515,102.7778383,348.1026527,64.28937895,386.591112,225.4402455
463,763,39.61681547,245.513868,19.90326788,265.2274156,-18.58508692,303.7157704,142.5653417
464,764,-11.69443292,194.2020347,-31.4079245,213.9155263,-69.89616996,252.4037717,91.25380089
465,765,77.26482162,283.1606778,57.55138858,302.8741108,19.06325741,341.362242,180.2127497
466,766,164.1193728,370.011215,144.4063241,389.7242637,105.9189433,428.2116445,267.0652939
467,767,247.0245874,452.8263902,227.3201595,472.5308181,188.8496097,511.0013678,349.9254888
468,768,228.8124341,434.6138176,209.1080463,454.3182054,170.6375749,492.7886768,331.7131259
469,769,228.9254577,434.7266161,209.2210914,454.4309823,170.7506621,492.9014116,331.8260369
470,770,197.077452,402.8782502,177.3731203,422.582582,138.9027583,461.052944,299.9778511
471,771,226.4206186,432.221026,206.7163243,451.9253203,168.2460354,490.3956092,329.3208223
472,772,248.1689509,453.9689501,228.4646957,473.6732053,189.9944831,512.143418,351.0689505
473,773,195.8282725,401.6278469,176.1240579,421.3320614,137.6539247,459.8021947,298.7280597
474,774,264.4672382,470.2663703,244.763066,489.9705425,206.2930154,528.4405931,367.3668042
475,775,265.119578,470.9182493,245.4154499,490.6223774,206.9454855,529.0923417,368.0189136
476,776,231.6922903,437.4904809,211.9882082,457.1945629,173.5183337,495.6644375,334.5913856
477,777,334.0232374,539.8209262,314.3192033,559.5249603,275.8494226,597.994741,436.9220818
478,778,191.2757861,397.0729509,171.5718023,416.7769348,133.1021195,455.2466175,294.1743685
479,779,190.6412046,396.4378215,170.9372732,416.141753,132.4676928,454.6113333,293.5395131
480,780,128.5285721,334.3246165,108.8246955,354.0284931,70.35522219,392.4979664,231.4265943
481,781,173.7666973,379.5589794,154.0631809,399.2624957,115.5944108,437.7312658,276.6628383
482,782,174.4690325,380.1768533,154.7736028,399.872283,116.3206211,438.3252647,277.3229429
483,783,196.6944779,402.4019059,176.9990859,422.097298,138.5461776,460.5502063,299.5481919
484,784,304.5306068,510.2378232,284.835235,529.933195,246.3823663,568.3860637,407.384215
485,785,402.7987863,608.5056642,383.1034469,628.2010036,344.6506415,666.653809,505.6522253
486,786,415.7389324,621.4454431,396.0436282,641.1407473,357.5908914,679.5934841,518.5921877
487,787,424.5706254,630.2767526,404.8753578,649.9720201,366.4226927,688.4246852,527.423689
488,788,323.471532,529.1772603,303.7763027,548.8724896,265.3237122,587.3250802,426.3243962
489,789,339.4896956,545.1950085,319.7945061,564.8901981,281.3419932,603.3427109,442.3423521
490,790,271.2061907,476.9110708,251.5110426,496.6062189,213.0586106,535.0586509,374.0586307
491,791,240.5399958,446.2444246,220.8448909,465.9395295,182.3925433,504.3918772,343.3922102
492,792,183.6714438,389.3754016,163.976384,409.0704614,125.5241244,447.522721,286.5234227
493,793,75.49483425,281.1983002,55.79982156,300.8933128,17.34765392,339.3454805,178.3465672
494,794,28.14457467,233.8475264,8.449611204,253.5424899,-30.00246032,291.9945614,130.9960505
495,795,18.9482362,224.6506506,-0.746675816,244.3455626,-39.1986469,282.7975337,121.7994434
496,796,147.6167684,353.3156494,127.9221947,373.0102231,89.47088414,411.4615337,250.4662089
497,797,123.8854082,329.5049032,104.1984353,349.1918761,65.7619643,387.6283471,226.6951557
498,798,95.14600449,300.7651307,75.45906687,320.4520683,37.02266486,358.8884703,197.9555676
499,799,158.0846936,363.7036204,138.397775,383.390539,99.96141028,421.8269037,260.894157
500,800,260.3500223,465.9686305,240.6631343,485.6555185,202.2268291,524.0918237,363.1593264
501,801,344.6723818,550.2906443,324.9855269,569.9774992,286.5492863,608.4137398,447.481513
502,802,326.6045833,532.222485,306.9177629,551.9093053,268.4815898,590.3454785,429.4135341
503,803,333.0483985,538.6659247,313.361614,558.3527091,274.9255111,596.788812,435.8571616
504,804,289.9794614,495.5965968,270.2927144,515.2833438,231.8566845,553.7193736,392.7880291
505,805,204.4734357,410.0901639,184.7867277,429.7768719,146.3507739,468.2128257,307.2817998
506,806,179.6876461,385.3039497,160.0009787,404.9906171,121.5651043,443.4264915,282.4957979
507,807,192.1019469,397.7178076,172.415322,417.4044325,133.9795304,455.8402241,294.9098773
508,808,27.84579959,233.4611976,8.159218931,253.1477782,-30.27648616,291.5834833,130.6534986
509,809,32.72523008,238.3401446,13.03869572,258.0266789,-25.396919,296.4622936,135.5326873
510,810,85.71315771,291.327567,66.02667172,311.014053,27.59115145,349.4495732,188.5203623
511,811,136.7586076,342.369692,117.0724399,362.0558596,78.63754117,400.4907584,239.5641498
512,812,255.2352837,460.7716133,235.5562734,480.4506236,197.1353486,518.8715484,358.0034485
513,813,256.1872745,461.7232571,236.5082974,481.4022342,198.0874374,519.8230941,358.9552658
514,814,242.2662479,447.8020425,222.5872888,467.4810015,184.166464,505.9018263,345.0341452
515,815,210.663885,416.199379,190.9849547,435.8783093,152.5641861,474.2990779,313.431632
516,816,190.3181934,395.8533615,170.6392943,415.5322605,132.2185866,453.9529682,293.0857774
517,817,175.6317694,381.1665972,155.9529029,400.8454637,117.5322588,439.2661078,278.3991833
518,818,99.36052155,304.8949954,79.68168894,324.573828,41.26111101,362.9944059,202.1277585
519,819,129.3283968,334.8625022,109.6495994,354.5412995,71.22909037,392.9618086,232.0954495
520,820,92.314719,297.8484407,72.63595842,317.5272013,34.21552108,355.9476386,195.0815798
521,821,83.12217211,288.6554937,63.44344983,308.334216,25.02308729,346.7545785,185.8888329
522,822,96.65356696,302.1864711,76.97488465,321.8651534,38.55460014,360.2854379,199.420019
523,823,-66.77803776,138.7544305,-86.45667833,158.433071,-124.8768814,196.853274,35.98819635
524,824,-73.06019812,132.4718146,-92.73879508,152.1504115,-131.158913,190.5705294,29.70580823
525,825,-40.65185415,164.8796826,-60.33040555,184.558234,-98.75043446,222.9782629,62.11391423
526,826,89.66225112,295.1906537,69.98399982,314.868905,31.56455679,353.288348,192.4264524
527,827,253.291191,458.7490762,233.6196914,478.4205758,195.2134302,516.826837,356.0201336
528,828,202.5503414,408.0078996,182.8788731,427.6793679,144.472673,466.085568,305.2791205
529,829,200.6572905,406.1146709,180.9858392,425.7861222,142.5796723,464.192289,303.3859807
530,830,206.7269048,412.1840012,187.0554806,431.8554254,148.6493668,470.2615391,309.455453
531,831,170.9976385,376.4544271,151.3262439,396.1258218,112.9201876,434.531878,273.7260328
532,832,148.0891661,353.5456334,128.4178022,373.2169973,90.01180608,411.6229934,250.8173998
533,833,105.1633891,310.6195221,85.49205724,330.290854,47.08612357,368.6967877,207.8914556
534,834,149.0351473,354.4909324,129.3638487,374.162231,90.95798009,412.5680997,251.7630399
535,835,149.6024566,355.0578795,129.9311928,374.7291433,91.52539184,413.1349443,252.3301681
536,836,161.4338291,366.8888742,141.7626013,386.5601019,103.356871,424.9658322,264.1613516
537,837,250.9428568,456.3975079,231.2716668,476.0686979,192.8660102,514.4743545,353.6701824
538,838,101.8670521,307.3212917,82.19590151,326.9924423,43.79032176,365.3980221,204.5941719
539,839,-16.87326558,188.5805442,-36.54437503,208.2516536,-74.94987442,246.657153,85.85363929
540,840,-23.26319939,182.1901613,-42.93426583,201.8612277,-81.33968127,240.2666432,79.46348094
541,841,76.25218741,281.7025885,56.58140433,301.3733716,18.17654211,339.7782338,178.977388
542,842,235.9283661,441.3121368,216.2639625,460.9765404,177.8715555,499.3689474,338.6202514
543,843,161.3113183,366.6947804,141.6469443,386.3591544,103.254595,424.7515037,264.0030494
544,844,235.4504382,440.8337319,215.7860803,460.4980899,177.3937624,498.8904077,338.1420851
545,845,272.4662786,477.8493037,252.8019464,497.5136359,214.4096788,535.9059035,375.1577911
546,846,191.5144987,396.8972325,171.8501944,416.5615369,133.4579812,454.95375,294.2058656
547,847,124.9686926,330.3511225,105.3044174,350.0153977,66.91226104,388.4075541,227.6599075
548,848,203.1643254,408.5464392,183.5000805,428.2106841,145.1079833,466.6027814,305.8553823
549,849,161.989744,367.3715288,142.3255306,387.0357422,103.9334948,425.4277779,264.6806364
550,850,127.9161124,333.2975546,108.2519318,352.9617352,69.8599601,391.3537069,230.6068335
551,851,348.7208227,554.1019077,329.0566763,573.7660542,290.6647714,612.1579591,451.4113652
552,852,374.8110751,580.1917876,355.1469644,599.8558983,316.7551291,638.2477336,477.5014313
553,853,297.4774601,502.8577836,277.8133866,522.5218572,239.421624,560.9136198,400.1676219
554,854,128.1907014,333.5706186,108.5266668,353.2346532,70.13498017,391.6263398,230.88066
555,855,27.07602341,232.4555161,7.412029434,252.1195101,-30.97957786,290.5111173,129.7657697
556,856,119.2514474,324.628141,99.58772139,344.291867,61.19663733,382.682951,221.9397942
557,857,249.6226586,454.9362961,229.9649699,474.5939848,191.585673,512.9732818,352.2794774
558,858,231.3962939,436.7096395,211.7386332,456.3673002,173.3593907,494.7465426,334.0529667
559,859,222.249601,427.5627871,202.5919555,447.2204326,164.2127429,485.5996452,324.906194
560,860,286.7993573,492.1122888,267.1417362,511.7699099,228.7625711,550.1490749,389.455823
561,861,237.2540582,442.5667138,217.5964635,462.2243085,179.2173501,500.6034219,339.910386
562,862,176.3397331,381.6521006,156.6821659,401.3096677,118.3031064,439.6887273,278.9959168
563,863,135.1006568,340.4127249,115.4431183,360.0702633,77.06411474,398.4492669,237.7566908
564,864,156.9739466,362.2857031,137.316438,381.9432117,98.93749263,420.322157,259.6298248
565,865,103.2446776,308.5561095,83.58720002,328.2135871,45.20831532,366.5924718,205.9003935
566,866,169.6677346,374.9788284,150.0102894,394.6362735,111.631468,433.015095,272.3232815
567,867,152.5359893,357.8467303,132.8785779,377.5041416,94.49982235,415.8828972,255.1913598
568,868,-34.75508501,170.5552877,-54.41246112,190.2126639,-92.79114782,228.5913506,67.90010137
569,869,6.069773955,211.379762,-13.58756533,231.0371013,-51.96618011,269.4157161,108.724768
570,870,23.37851163,228.6880979,3.721210823,248.3453987,-34.65732885,286.7239383,126.0333047
571,871,127.8688636,333.1757986,108.2118167,352.8328455,69.83377262,391.2108896,230.5223311
572,872,316.6817295,521.9289024,297.0304044,541.5802275,258.6635317,579.9471002,419.305316
573,873,305.8685546,511.1154511,286.217256,530.7667497,247.8504349,569.1335708,408.4920028
574,874,432.1746749,637.42142,412.5233908,657.0727041,374.156598,695.4394969,534.7980474
575,875,317.9906714,523.237175,298.3394104,542.8884359,259.9726628,581.2551836,420.6139232
576,876,322.0904652,527.3367069,302.4392293,546.9879428,264.0725306,585.3546415,424.7135861
577,877,239.3457537,444.5917222,219.694544,464.242932,181.3278964,502.6095796,341.968738
578,878,315.0596125,520.3052969,295.4084299,539.9564794,257.0418354,578.3230739,417.6824547
579,879,329.2778392,534.523228,309.6266849,554.1743823,271.2601457,592.5409215,431.9005336
580,880,337.6053313,542.8504123,317.9542065,562.5015371,279.5877248,600.8680188,440.2278718
581,881,440.2539482,645.4987085,420.6028541,665.1498026,382.2364323,703.5162243,542.8763283
582,882,509.9582922,715.202718,490.3072301,734.85378,451.9408709,773.2201393,612.5805051
583,883,462.1176781,667.3617548,442.4666495,687.0127834,404.1003556,725.3790773,564.7397165
584,884,283.5012084,488.7449203,263.8502148,508.395914,225.483989,546.7621398,386.1230644
585,885,127.7790752,333.0224061,108.128118,352.6733634,69.76196341,391.0395179,230.4007407
586,886,277.7644452,483.0052612,258.1137288,502.6559776,219.7480443,541.0216621,380.3848532
587,887,172.9833687,378.1674653,153.3380829,397.8127511,114.983001,436.167833,275.575417
588,888,296.4756782,501.6595127,276.8304175,521.3047734,238.4753846,559.6598063,399.0675955
589,889,378.3115906,583.4952811,358.6663436,603.1405281,320.3113377,641.4955341,480.9034359
590,890,441.0523287,646.2357897,421.4071037,665.8810147,383.0521406,704.2359778,543.6440592
591,891,457.5576379,662.7408501,437.9124367,682.3860513,399.5575201,720.7409679,560.149244
592,892,336.4065538,541.5895065,316.7613774,561.2346828,278.4065094,599.5895508,438.9980301
593,893,290.5197371,495.70242,270.8745866,515.3475704,232.519769,553.7023881,393.1110785
594,894,341.1117098,546.2941119,321.4665862,565.9392355,283.111821,604.2940006,443.7029108
595,895,310.649945,515.8320548,291.0048494,535.4771504,252.6501389,573.8318609,413.2409999
596,896,180.8868777,386.0686829,161.2418113,405.7137494,122.8871577,444.0684029,283.4777803
597,897,202.0536657,407.2351532,182.4086296,426.8801892,144.0540354,465.2347834,304.6444094
598,898,38.75171533,243.9328713,19.10671103,263.5778756,-19.24782117,301.9324078,141.3422933
599,899,10.91364355,216.0944532,-8.731327588,235.7394244,-47.08579505,274.0938919,113.5040484
600,900,6.918073284,212.0985213,-12.72686323,231.7434579,-51.0812631,270.0978577,109.5082973
601,601,140.168387,345.3464463,120.5236792,364.9911541,82.16972587,403.3451074,242.7574166
602,602,217.8249652,422.949121,198.1854184,442.5886678,159.8415412,480.932545,320.3870431
603,603,233.5115371,438.635444,213.8720141,458.274967,175.5281835,496.6187976,336.0734906
604,604,210.2693482,415.3931181,190.6298383,435.032628,152.2860333,473.376433,312.8312331
605,605,191.3922868,396.5158383,171.7527978,416.1553273,133.4090336,454.4990915,293.9540626
606,606,142.4385934,347.5619083,122.7991271,367.2013746,84.45540715,405.5450946,245.0002509
607,607,101.5411962,306.6642642,81.90175354,326.3037069,43.55807974,364.6473807,204.1027302
608,608,76.68140987,281.8042212,57.04199177,301.4436393,18.69836595,339.7872651,179.2428155
609,609,93.82984815,298.9523925,74.19045562,318.591785,35.84687971,356.9353609,196.3911203
610,610,78.71897601,283.8412423,59.07961009,303.4806083,20.73608614,341.8241322,181.2801092
611,611,93.04429728,298.166274,73.40495909,317.8056122,35.06148928,356.149082,195.6052856
612,612,91.89530537,297.01698,72.25599609,316.6562893,33.91258275,354.9997026,194.4561427
613,613,-73.75488105,131.3664784,-93.39416015,151.0057575,-131.7375146,189.3491119,28.80579866
614,614,-62.42037801,142.7006522,-82.05962559,162.3398998,-120.4029185,200.6831927,40.1401371
615,615,-25.92467953,179.1960069,-45.56389419,198.8352216,-83.90712281,237.1784502,76.6356637
616,616,89.59721379,294.7156283,69.95821665,314.3546254,31.61541272,352.6974294,192.156421
617,617,221.1601982,426.2273206,201.526112,445.8614068,163.1928961,484.1946227,323.6937594
618,618,204.1254149,409.1923006,184.4913513,428.8263641,146.1581797,467.1595357,306.6588577
619,619,174.928959,379.9957142,155.294908,399.6297652,116.9617607,437.9629124,277.4623366
620,620,123.3684341,328.4349813,103.734403,348.0690124,65.40129467,386.4021208,225.9017077
621,621,142.0564419,347.1227637,122.4224324,366.7567732,84.08936618,405.0898395,244.5896028
622,622,101.3620302,306.4281169,81.72804322,326.0621039,43.39502095,364.3951262,203.8950736
623,623,80.04032628,285.1061685,60.40636267,304.7401321,22.07338609,343.0731087,182.5732474
624,624,104.9475147,310.0131027,85.31357542,329.6470419,46.98064637,367.979971,207.4803087
625,625,95.61382493,300.6791482,75.97991099,320.3130621,37.64703141,358.6459417,198.1464866
626,626,71.31265191,276.3776994,51.67876438,296.011587,13.34593635,334.344415,173.8451757
627,627,92.98701344,298.0517734,73.35315344,317.6856334,35.02037916,356.0184077,195.5193934
628,628,-50.54455479,154.5199051,-70.17838606,174.1537364,-108.5111043,212.4864546,51.98767517
629,629,-59.9841581,145.0799885,-79.61795936,164.7137897,-117.950619,203.0464494,42.54791519
630,630,-28.77650505,176.2873143,-48.41027499,195.9210843,-86.74287345,234.2536827,73.75540463
631,631,84.25103314,289.3126891,64.61747034,308.9462519,26.2852763,347.2784459,186.7818611
632,632,227.8038722,432.8166621,208.1749881,452.4455462,169.8519286,490.7686057,330.3102672
633,633,222.5478143,427.5603788,202.9189518,447.1892414,164.5959344,485.5122588,325.0540966
634,634,185.6590475,390.6714875,166.0301969,410.3003381,127.7072028,448.6233322,288.1652675
635,635,171.3253898,376.3376315,151.6965582,395.9664631,113.3736012,434.2894201,273.8315107
636,636,134.1441607,339.1561874,114.5153497,358.7849985,76.19243282,397.1079153,236.6501741
637,637,94.36891204,299.3807146,74.74012244,319.0095042,36.4172475,357.3323791,196.8748133
638,638,92.29737055,297.30894,72.66860326,316.9377073,34.34577189,355.2605387,194.8031553
639,639,152.5949962,357.6063233,132.9662521,377.2350674,94.64346607,415.5578534,255.1006598
640,640,100.9847402,305.995815,81.35602025,325.6245349,43.03328135,363.9472738,203.4902776
641,641,83.52207953,288.5328915,63.89338477,308.1615862,25.570695,346.484276,186.0274855
642,642,96.77597536,301.7865132,77.14730684,321.4151818,38.82466831,359.7378203,199.2812443
643,643,-0.959626561,204.0506253,-20.5882677,223.6792665,-58.91085278,262.0018516,101.5454994
644,644,-27.00494686,178.0050064,-46.63355941,197.633619,-84.95608867,235.9561482,75.50002977
645,645,-12.69670909,192.3129324,-32.32529179,211.9415151,-70.64776276,250.2639861,89.80811165
646,646,120.2151298,325.2227087,100.5867445,344.8510939,62.26465912,383.1731793,222.7189192
647,647,256.7882635,461.7492342,237.1643407,481.373157,198.8509678,519.6865299,359.2687489
648,648,217.4912427,422.4519987,197.8673405,442.0759008,159.5540077,480.3892336,319.9716207
649,649,204.2034508,409.1640879,184.57956,428.7879787,146.2662495,467.1012892,306.6837693
650,650,189.2409601,394.2014078,169.6170875,413.8252805,131.3038123,452.1385556,291.721184
651,651,204.9282156,409.8884581,185.3043626,429.5123111,146.9911258,467.8255479,307.4083368
652,652,134.0535678,339.0135964,114.4297353,358.6374289,76.11653851,396.9506257,236.5335821
653,653,103.043583,308.0033891,83.41977179,327.6272003,45.10661655,365.9403555,205.523486
654,654,153.1211775,358.0807522,133.4973884,377.7045413,95.18427641,416.0176533,255.6009649
655,655,153.0047469,357.9640809,133.3809809,377.5878469,95.06791392,415.9009139,255.4844139
656,656,152.6280313,357.5871144,133.0042893,377.2108564,94.69126919,415.5238765,255.1075729
657,657,161.8502037,366.8090253,142.2264867,386.4327423,103.9135155,424.7457135,264.3296145
658,658,28.33999329,233.2985421,8.716302452,252.9222329,-29.59661776,291.2351531,130.8192677
659,659,28.23691,233.1951739,8.613246442,252.8188374,-29.69962051,291.1317044,130.7160419
660,660,69.45431848,274.4122849,49.83068339,294.03592,11.51787204,332.3487313,171.9333017
661,661,185.9449116,390.9009095,166.321465,410.5243561,128.0090216,448.8367995,288.4229106
662,662,272.833836,477.7453307,253.2146503,497.3645164,214.910526,535.6686407,375.2895833
663,663,327.316026,532.2273157,307.69686,551.8464818,269.3927739,590.1505678,429.7716709
664,664,276.485855,481.397031,256.8666999,501.0161862,218.562635,539.320251,378.941443
665,665,297.5876076,502.4986026,277.9684698,522.1177404,239.6644388,560.4217714,400.0431051
666,666,259.286344,464.197143,239.667225,483.816262,201.3632306,522.1202564,361.7417435
667,667,228.0811791,432.9917736,208.4620797,452.6108731,170.1581235,490.9148292,330.5364764
668,668,308.8207169,513.7310988,289.2016377,533.3501779,250.8977214,571.6540943,411.2759078
669,669,336.2925811,541.202742,316.6735231,560.8218,278.3696481,599.125675,438.7476616
670,670,342.0060827,546.9160136,322.3870468,566.5350495,284.0832147,604.8388816,444.4610482
671,671,377.1208837,582.030575,357.5018707,601.649588,319.1980834,639.9533753,479.5757293
672,672,377.6178099,582.5272514,357.9988208,602.1462405,319.6950803,640.4499811,480.0725307
673,673,207.778234,412.6874148,188.1592699,432.306379,149.855578,470.6100708,310.2328244
674,674,183.3465852,388.2554939,163.7276471,407.874432,125.4240061,446.178073,285.8010396
675,675,277.2881688,482.1967935,257.6692579,501.8157043,219.36567,540.1192922,379.7424811
676,676,314.0581311,518.9648749,294.4394003,538.5836057,256.136164,576.886842,416.511503
677,677,176.9333994,381.7976055,157.3187413,401.4122636,119.0234566,439.7075483,279.3655024
678,678,411.8063863,616.6703966,392.191747,636.2850359,353.8964989,674.5802841,514.2383915
679,679,565.1808339,770.0447354,545.566205,789.6593643,507.2709772,827.9545921,667.6127846
680,680,567.4799692,772.3436976,547.8653569,791.9583099,509.5701615,830.2535053,669.9118334
681,681,575.0532861,779.916827,555.4386918,799.5314213,517.1435314,837.8265817,677.4850565
682,682,599.1787477,804.0420929,579.5641721,823.6566685,541.2690483,861.9517924,701.6104203
683,683,671.6208998,876.4840417,652.0063436,896.0985979,613.7112578,934.3936837,774.0524708
684,684,593.0155674,797.878498,573.4010315,817.4930339,535.1059852,855.7880802,695.4470327
685,685,414.4213188,619.2840295,394.806804,638.8985443,356.5117988,677.1935495,516.8526741
686,686,345.3991146,550.2615961,325.7846217,569.876089,287.4896594,608.1710514,447.8303554
687,687,271.282516,476.1447586,251.6680459,495.7592286,213.3731282,534.0541463,373.7136373
688,688,126.0566185,330.918612,106.4421724,350.5330581,68.14730124,388.8279293,228.4876152
689,689,65.58311011,270.4448434,45.96868884,290.0592647,7.673866364,328.3540871,168.0139767
690,690,58.88194768,263.7434094,39.26755241,283.3578046,0.972780696,321.6525763,161.3126785
691,691,141.5536577,346.4133206,121.9394347,366.0275436,83.64499923,404.321979,243.9834891
692,692,135.2101499,340.0291132,115.5998237,359.6394395,77.31299618,397.9262669,237.6196316
693,693,186.2140603,391.0328363,166.603752,410.6431447,128.3169595,448.9299371,288.6234483
694,694,337.4045168,542.2231886,317.7942184,561.8334869,279.5074454,600.1202599,439.8138527
695,695,411.561867,616.380373,391.9515845,635.9906555,353.6648425,674.2773975,513.97112
696,696,426.303738,631.1220644,406.6934727,650.7323297,368.4067643,689.0190382,528.7129012
697,697,325.4112011,530.2293403,305.8009538,549.8395876,267.5142803,588.1262611,427.8202707
698,698,383.7711866,588.5891312,364.1609579,608.1993599,325.8743209,646.4859969,486.1801589
699,699,441.7597791,646.5775212,422.1495697,666.1877306,383.8629705,704.4743298,544.1686501
700,700,503.390544,708.2080756,483.7803548,727.8182648,445.4937949,766.1048246,605.7993098
701,701,333.9410591,538.7583714,314.3308909,558.3685396,276.0443721,596.6550585,436.3497153
702,702,238.8878281,443.7049118,219.2776818,463.3150581,180.9912057,501.6015342,341.29637
703,703,49.25319255,254.0700377,29.64306908,273.6801612,-8.64336246,311.9665927,151.6616151
704,704,48.64906662,253.4656628,29.03896699,273.0757624,-9.247418009,311.3621474,151.0573647
705,705,52.98461291,257.8009492,33.37453816,277.4110239,-4.911798257,315.6973603,155.392781
706,706,137.2482473,342.0628615,117.6383374,361.6727713,79.35232294,399.9587858,239.6555544
707,707,198.4262327,403.2018688,178.8200548,422.8080467,140.5413265,461.086775,300.8140508
708,708,379.5243341,584.2997909,359.9181733,603.9059516,321.6394785,642.1846464,481.9120625
709,709,428.0066307,632.7819877,408.4004795,652.3881389,370.1218034,690.666815,530.3943092
710,710,552.8384244,757.6136224,533.2322884,777.2197584,494.953642,815.4984048,655.2260234
711,711,415.5791385,620.3541644,395.973019,639.9602839,357.6944048,678.2388982,517.9666515
712,712,338.4056588,543.1805052,318.7995565,562.7866075,280.5209758,601.0651882,440.793082
713,713,358.4676598,563.2423198,338.8615754,582.8484042,300.5830295,621.1269501,460.8549898
714,714,354.8032848,559.5777508,335.1972189,579.1838167,296.9187093,617.4623263,457.1905178
715,715,336.1183604,540.8926246,316.5123138,560.4986712,278.2338419,598.7771431,438.5054925
716,716,215.9089036,420.6829577,196.3028771,440.2889841,158.0244445,478.5674168,318.2959306
717,717,177.635014,382.4088491,158.0290085,402.0148546,119.7506169,440.2932462,280.0219315
718,718,36.28531438,241.058921,16.67933077,260.6649046,-21.59901818,298.9432536,138.6721177
719,719,-14.31227619,190.4610919,-33.91823696,210.0670527,-72.19654133,248.3453571,88.07440786
720,720,-12.5296875,192.2434317,-32.13562444,211.8493686,-70.41388228,250.1276264,89.85687208
721,721,110.4699978,315.2414667,90.86421883,334.8472457,52.58626947,373.1251951,212.8557323
722,722,204.1201959,408.8543013,184.5179944,428.4565029,146.2470294,466.7274679,306.4872486
723,723,119.8120847,324.5460183,100.2098995,344.1482034,61.93896663,382.4191363,222.1790515
724,724,151.175836,355.9096738,131.57366,375.5118498,93.30274506,413.7827647,253.5427549
725,725,141.504822,346.2385074,121.9026607,365.8406688,83.63177421,404.1115552,243.8716647
726,726,139.3342441,344.0677643,119.7320985,363.6699099,81.46124291,401.9407655,241.7010042
727,727,112.6874266,317.4207747,93.0852975,337.0229038,54.81447407,375.2937272,215.0541006
728,728,102.2927456,307.0259148,82.69063365,326.6280268,44.41984365,364.8988168,204.6593302
729,729,151.5185095,356.2514928,131.9164154,375.853587,93.64566016,414.1243422,253.8850012
730,730,103.4526777,308.1854675,83.85060213,327.7875431,45.57988307,366.0582622,205.8190726
731,731,117.5381677,322.270756,97.93611138,341.8728123,59.66542998,380.1434937,219.9044618
732,732,67.05580888,271.7881871,47.45377267,291.3902233,9.183130536,329.6608655,169.421998
733,733,-39.75172416,164.980435,-59.3537394,184.5824502,-97.62434058,222.8530514,62.61435543
734,734,-49.89683097,154.8350995,-69.49882432,174.4370929,-107.7693828,212.7076513,52.46913427
735,735,-2.261299628,202.4703922,-21.86327012,222.0723627,-60.13378394,260.3428765,100.1045463
736,736,118.0754681,322.8055772,98.47364915,342.4073962,60.20343118,380.6776142,220.4405227
737,737,228.9774936,433.6717554,209.3791069,453.2701422,171.1155899,491.5336592,331.3246245
738,738,240.4891527,445.1832498,220.8907817,464.7816208,182.6272955,503.0451071,342.8362013
739,739,218.8150136,423.5090187,199.2166514,443.1073809,160.9531824,481.3708499,321.1620162
740,740,237.6670373,442.360896,218.0686892,461.9592442,179.8052475,500.2226859,340.0139667
741,741,155.3460766,360.0397768,135.7477436,379.6381098,97.48433154,417.9015218,257.6929267
742,742,156.1772953,360.8708303,136.5789782,380.4691474,98.31559701,418.7325286,258.5240628
743,743,183.8830145,388.5763777,164.2847137,408.1746784,126.0213647,446.4380275,286.2296961
744,744,168.4075812,373.1007659,148.8092976,392.6990496,110.5459819,430.9623652,270.7541736
745,745,141.0227337,345.7157327,121.4244678,365.3139986,83.16118687,403.5772795,243.3692332
746,746,158.3796098,363.0724154,138.7813624,382.6706627,100.5181176,420.9339075,260.7260126
747,747,170.0805633,374.7731673,150.4823353,394.3713954,112.2191281,432.6346025,272.4268653
748,748,43.42639268,248.1187865,23.82818476,267.7169944,-14.43498307,305.9801622,145.7725896
749,749,-7.514990336,197.177184,-27.11317724,216.7753709,-65.37630405,255.0384977,94.83109683
750,750,9.868001988,214.5599473,-9.730162988,234.1581123,-47.99324699,272.4211963,112.2139746
751,751,123.7424785,328.4329045,104.1444589,348.0309241,65.88165893,386.2937241,226.0876915
752,752,252.3467706,457.0027751,232.7520468,476.597499,194.4956812,514.8538646,354.6747729
753,753,178.3188999,382.9747464,158.7241912,402.5694551,120.4678552,440.8257911,280.6468232
754,754,185.0566422,389.7124002,165.461942,409.3071004,127.2056225,447.5634199,287.3845212
755,755,263.2804735,467.9360909,243.6857868,487.5307776,205.4294935,525.7870708,365.6082822
756,756,219.3003732,423.9558383,199.7057011,443.5505105,161.4494363,481.8067752,321.6281058
757,757,187.8759529,392.5312592,168.2812959,412.1259161,130.0250609,450.3821512,290.203606
758,758,185.7243922,390.3795335,166.129751,409.9741747,127.8735468,448.2303789,288.0519629
759,759,180.1956262,384.850596,160.6010014,404.4452208,122.3448292,442.7013929,282.5231111
760,760,134.9141054,339.5688968,115.3194977,359.1635045,77.06335888,397.4196433,237.2415011
761,761,183.5507651,388.2053707,163.9561752,407.7999606,125.7000711,446.0560647,285.8780679
762,762,123.1130395,327.7674515,103.5184681,347.3620229,65.26240023,385.6180908,225.4402455
763,763,40.23823669,244.8924468,20.64368466,264.4869988,-17.61234549,302.743029,142.5653417
764,764,-11.07319877,193.5808005,-30.66773062,213.1753324,-68.92372137,251.4313231,91.25380089
765,765,77.88586003,282.5396394,58.29134924,302.1341502,20.0353996,340.3900998,180.2127497
766,766,164.739134,369.3914538,145.1447629,388.9858249,106.8890861,427.2415017,267.0652939
767,767,247.6158685,452.2351091,228.0246646,471.826313,189.7751713,510.0758063,349.9254888
768,768,229.4035815,434.0226703,209.8123921,453.6138596,171.5629272,491.8633246,331.7131259
769,769,229.516535,434.1355387,209.9253538,453.7267199,171.6759048,491.976169,331.8260369
770,770,197.6684169,402.2872854,178.0772486,421.8784536,139.8278249,460.1278774,299.9778511
771,771,227.0114613,431.6301833,207.420307,451.2213376,169.1709107,489.4707339,329.3208223
772,772,248.7596658,453.3782352,229.1685262,472.9693748,190.9191584,511.2187427,351.0689505
773,773,196.4188543,401.0372651,176.8277299,420.6283895,138.5783917,458.8777277,298.7280597
774,774,265.0576813,469.6759272,245.4665726,489.2670358,207.2172653,527.5163432,367.3668042
775,775,265.7098765,470.3279508,246.1187842,489.919043,207.8695089,528.1683183,368.0189136
776,776,232.2824377,436.9003335,212.6913626,456.4914086,174.4421207,494.7406505,334.5913856
777,777,334.613227,539.2309366,315.0221697,558.8219939,276.7729625,597.071201,436.9220818
778,778,191.8656107,396.4831263,172.274572,416.074165,134.0254012,454.3233359,294.1743685
779,779,191.2308566,395.8481696,171.6398373,415.4391889,133.3907043,453.6883219,293.5395131
780,780,129.1180435,333.7351451,109.5270444,353.3261442,71.27795098,391.5752376,231.4265943
781,781,174.3549892,378.9706875,154.7641244,398.5615522,116.5152933,436.8103833,276.6628383
782,782,175.0310007,379.6148851,155.443182,399.2027039,117.2002978,437.445588,277.3229429
783,783,197.2563227,401.8400612,177.6685179,421.4278659,139.425661,459.6707228,299.5481919
784,784,305.0923867,509.6760433,285.5045898,529.2638402,247.2617482,567.5066818,407.384215
785,785,403.360462,607.9439885,383.7726776,627.5317729,345.5298603,665.7745902,505.6522253
786,786,416.300495,620.8838805,396.712724,640.4716514,358.4699331,678.7144423,518.5921877
787,787,425.1320697,629.7153083,405.5443128,649.3030652,367.3015493,687.5458286,527.423689
788,788,324.0328532,528.6159392,304.4451109,548.2036814,266.202376,586.4464164,426.3243962
789,789,340.0508884,544.6338157,320.4631613,564.2215428,282.220456,602.4642481,442.3423521
790,790,271.7672496,476.3500119,252.1795383,495.9377232,213.9368639,534.1803976,374.0586307
791,791,241.100915,445.6835055,221.5132201,465.2712003,183.2705778,503.5138426,343.3922102
792,792,184.232217,388.8146285,164.6445393,408.4023061,126.4019305,446.644915,286.5234227
793,793,76.05545484,280.6376796,56.46779502,300.2253394,18.2252211,338.4679133,178.3465672
794,794,28.70503561,233.2870655,9.117394454,252.8747066,-29.12514304,291.1172441,130.9960505
795,795,19.50853016,224.0903567,-0.07909153,243.6779783,-38.32159101,281.9204778,121.7994434
796,796,148.1759708,352.7564471,128.5884783,372.3439395,90.34623125,410.5861866,250.4662089
797,797,124.4202274,328.970084,104.8356667,348.5546447,66.59914334,386.7911681,226.6951557
798,798,95.68070951,300.2304257,76.09616222,319.814973,37.85966512,358.0514701,197.9555676
799,799,158.6193384,363.1689756,139.0347986,382.7535154,100.7983163,420.9899977,260.894157
800,800,260.8845705,465.4340824,241.3000427,485.0186101,203.0635838,523.255069,363.1593264
801,801,345.2068249,549.7562011,325.6223102,569.3407159,287.3858767,607.5771494,447.481513
802,802,327.1389168,531.6881515,307.5544156,551.2726527,269.3180085,589.5090598,429.4135341
803,803,333.5826177,538.1317054,313.9981306,557.7161926,275.7617509,595.9525722,435.8571616
804,804,290.5135616,495.0624966,270.9290891,514.6469691,232.692738,552.8833202,392.7880291
805,805,205.0074117,409.5561879,185.4229544,429.1406452,147.1866331,467.3769665,307.2817998
806,806,180.2214925,384.7701033,160.6370511,404.3545447,122.4007606,442.5908352,282.4957979
807,807,192.6356581,397.1840964,173.0512332,416.7685214,134.8149749,455.0047796,294.9098773
808,808,28.37936929,232.9276279,8.794961559,252.5120356,-29.44126307,290.7482602,130.6534986
809,809,33.25865183,237.8067228,13.67426205,257.3911126,-24.56192751,295.6273021,135.5326873
810,810,86.24642472,290.7943,66.66205368,310.378671,28.42590071,348.614824,188.5203623
811,811,137.2908622,341.8374374,117.7066156,361.4216839,79.47070568,399.6575939,239.5641498
812,812,255.7449067,460.2619903,236.1634838,479.8434132,197.9330868,518.0738102,358.0034485
813,813,256.6967916,461.21374,237.1153816,480.7951499,198.8850098,519.0255217,358.9552658
814,814,242.775709,447.2925813,223.1943064,466.873984,184.9639488,505.1043416,345.0341452
815,815,211.1732562,415.6900077,191.5918651,435.2713988,153.3615301,473.5017338,313.431632
816,816,190.8274671,395.3440878,171.2460885,414.9254664,133.0157779,453.1557769,293.0857774
817,817,176.1409411,380.6574255,156.5595755,400.238791,118.3292905,438.4690761,278.3991833
818,818,99.86958708,304.3859299,80.28823511,323.9672818,42.05797651,362.1975404,202.1277585
819,819,129.8373517,334.3535473,110.2560138,353.9348852,72.02578272,392.1651163,232.0954495
820,820,92.82355859,297.3396011,73.24223537,316.9209243,35.01203289,355.1511268,195.0815798
821,821,83.63089134,288.1467745,64.04958338,307.7280824,25.81941069,345.9582551,185.8888329
822,822,97.16216049,301.6778776,77.58086843,321.2591696,39.35072679,359.4893113,199.420019
823,823,-66.2695756,138.2459683,-85.85085108,157.8272438,-124.0809603,196.057353,35.98819635
824,824,-72.55187336,131.9634898,-92.13313154,151.544748,-130.363207,189.7748235,29.70580823
825,825,-40.14367308,164.3715015,-59.7249132,183.9527417,-97.95495344,222.1827819,62.11391423
826,826,90.16949143,294.6834134,70.58837125,314.2645335,32.35856517,352.4943396,192.4264524
827,827,253.777385,458.2628822,234.1989864,477.8412809,195.9744937,516.0657735,356.0201336
828,828,203.036437,407.521804,183.4580508,427.1001902,145.2335825,465.3246585,305.2791205
829,829,201.1433339,405.6286275,181.5649547,425.2070066,143.3405001,463.4314612,303.3859807
830,830,207.2128645,411.6980415,187.6344964,431.2764096,149.4100636,469.5008424,309.455453
831,831,171.4835073,375.9685583,151.9051514,395.5469142,113.6807422,433.7713235,273.7260328
832,832,148.57494,353.0598595,128.9965966,372.6382029,90.77221199,410.8625875,250.8173998
833,833,105.6490641,310.1338471,86.07073385,329.7121774,47.84637472,367.9365365,207.8914556
834,834,149.5207193,354.0053604,129.9424026,373.5836771,91.71807005,411.8080097,251.7630399
835,835,150.0879213,354.5724148,130.5096188,374.1507173,92.28531374,412.3750224,252.3301681
836,836,161.9191817,366.4035215,142.3408939,385.9818094,104.1166176,424.2060857,264.1613516
837,837,251.4280925,455.9122722,231.84982,475.4905447,193.6255736,513.7147911,353.6701824
838,838,102.3521656,306.8361783,82.77390901,326.4144348,44.54969386,364.63865,204.5941719
839,839,-16.38827999,188.0955586,-35.96651985,207.6737984,-74.19070243,245.897981,85.85363929
840,840,-22.77834745,181.7053093,-42.35656991,201.2835318,-80.58071852,239.5076804,79.46348094
841,841,76.73616351,281.2186124,57.15805669,300.7967192,18.93413387,339.0206421,178.977388
842,842,236.3927343,440.8477686,216.8172523,460.4232506,178.5984541,498.6420487,338.6202514
843,843,161.775595,366.2305037,142.2001251,385.8059737,103.9813503,424.0247484,264.0030494
844,844,235.9146661,440.369504,216.3392029,459.9449672,178.1204414,498.1637287,338.1420851
845,845,272.9304284,477.3851539,253.354976,496.9606063,215.1362355,535.1793468,375.1577911
846,846,191.9785637,396.4331675,172.403123,416.0086082,134.1844052,454.227326,294.2058656
847,847,125.4326691,329.887146,105.8572405,349.4625746,67.63854645,387.6812686,227.6599075
848,848,203.6282097,408.0825549,184.0527937,427.6579709,145.8341243,465.8766403,305.8553823
849,849,162.4535323,366.9077405,142.8781294,386.4831434,104.6594856,424.7017872,264.6806364
850,850,128.3798006,332.8338664,108.8044113,352.4092557,70.58579415,390.6278729,230.6068335
851,851,349.1844065,553.638324,329.6090314,573.2136991,291.3904419,611.4322886,451.4113652
852,852,375.2745498,579.7283129,355.6991895,599.3036732,317.4806289,637.5222338,477.5014313
853,853,297.9408209,502.3944229,278.365476,521.9697678,240.1469455,560.1882983,400.1676219
854,854,128.653943,333.107377,109.0786142,352.6827058,70.86011512,390.9012049,230.88066
855,855,27.53914039,231.9923991,7.963828384,251.5677111,-30.25463791,289.7861774,129.7657697
856,856,119.7137475,324.1658408,100.1385471,343.7410413,61.92029865,381.9592897,221.9397942
857,857,250.0666595,454.4922952,230.4939922,474.0649625,192.2806895,512.2782652,352.2794774
858,858,231.8402094,436.265724,212.2675537,455.8383796,174.0542736,494.0516597,334.0529667
859,859,222.6934709,427.1189172,203.1208218,446.6915663,164.9075545,484.9048336,324.906194
860,860,287.2431542,491.6684918,267.6705155,511.2411306,229.4572685,549.4543776,389.455823
861,861,237.6977759,442.1229961,218.1251485,461.6956235,179.9119234,499.9088486,339.910386
862,862,176.783368,381.2084657,157.2107523,400.7810814,118.9975501,438.9942836,278.9959168
863,863,135.5442056,339.9691761,115.971602,359.5417796,77.75842365,397.754958,237.7566908
864,864,157.4174057,361.842244,137.8448148,381.4148349,99.63166111,419.6279886,259.6298248
865,865,103.6880431,308.112744,84.11546539,327.6853217,45.90233742,365.8984497,205.9003935
866,866,170.1110026,374.5355604,150.5384386,394.1081244,112.3253374,432.3212256,272.3232815
867,867,152.9791554,357.4035641,133.4066057,376.9761138,95.19353233,415.1891872,255.1913598
868,868,-34.31202522,170.112228,-53.8845601,189.6847628,-92.09760439,227.8978071,67.90010137
869,869,6.512722485,210.9368135,-13.05979686,230.5093328,-51.27281083,268.7223468,108.724768
870,870,23.82134386,228.2452656,4.248840714,247.8177688,-33.96414162,286.0307511,126.0333047
871,871,128.3109328,332.7337294,108.7385374,352.3061249,70.52576536,390.5188969,230.5223311
872,872,317.1066925,521.5039394,297.5367433,541.0738886,259.3287473,579.2818846,419.305316
873,873,306.2934378,510.6905678,286.7234999,530.2605058,248.5155257,568.4684799,408.4920028
874,874,432.5995155,636.9965794,413.0295838,656.566511,374.821622,694.7744728,534.7980474
875,875,318.4154437,522.8124027,298.8455221,542.3823243,260.6375799,580.5902665,420.6139232
876,876,322.5151633,526.9120088,302.9452526,546.4819195,264.7373316,584.6898405,424.7135861
877,877,239.7703744,444.1671016,220.200475,463.737001,181.9925761,501.9448998,341.968738
878,878,315.4841525,519.8807568,295.9142649,539.4506445,257.706389,577.6585203,417.6824547
879,879,329.7022953,534.0987719,310.1324199,553.6686473,271.9245679,591.8764993,431.9005336
880,880,338.0296999,542.4260437,318.4598372,561.9959064,280.25201,600.2037336,440.2278718
881,881,440.6782255,645.0744311,421.1083761,664.6442806,382.9005747,702.8520819,542.8763283
882,882,510.3824743,714.7785359,490.8126386,734.3483715,452.6048642,772.556146,612.5805051
883,883,462.5417608,666.9376722,442.9719394,686.5074935,404.7641931,724.7152398,564.7397165
884,884,283.925187,488.3209418,264.3553807,507.8907481,226.1476636,546.0984651,386.1230644
885,885,128.202945,332.5985363,108.6331544,352.168327,70.42546783,390.3760135,230.4007407
886,886,278.187601,482.5821054,258.6179144,502.151792,220.4104311,540.3592753,380.3848532
887,887,173.3905087,377.7603253,153.8231858,397.3276482,115.6203174,435.5305166,275.575417
888,888,296.8827436,501.2524473,277.3154316,520.8197593,239.1125842,559.0226067,399.0675955
889,889,378.718616,583.0882558,359.15131,602.6555617,320.9484746,640.8583971,480.9034359
890,890,441.45929,645.8288284,421.8919938,665.3961246,383.6891774,703.5989411,543.6440592
891,891,457.9645297,662.3339583,438.397244,681.901244,400.194448,720.1040399,560.149244
892,892,336.813373,541.1826872,317.2460982,560.749962,279.0433237,598.9527366,438.9980301
893,893,290.9264808,495.2956763,271.3592174,514.8629397,233.1564651,553.065692,393.1110785
894,894,341.5183748,545.8874468,321.9511232,565.4546984,283.7483939,603.6574277,443.7029108
895,895,311.056528,515.4254717,291.4892888,534.992711,253.2865835,573.1954163,413.2409999
896,896,181.2933753,385.6621854,161.7261488,405.2294119,123.5234685,443.4320922,283.4777803
897,897,202.460074,406.8287449,182.8928608,426.395958,144.6902065,464.5986123,304.6444094
898,898,39.15803042,243.5265562,19.59083114,263.0937555,-18.61179602,301.2963827,141.3422933
899,899,11.3198612,215.6882356,-8.247323583,235.2554204,-46.44992244,273.4580192,113.5040484
900,900,7.324189081,211.6924055,-12.24298058,231.2595752,-50.44554992,269.4621445,109.5082973
